{
  "training_losses": [
    6.406200601577758,
    5.996962639331818,
    5.73552081600825,
    5.550602912187577,
    5.412171618747712,
    5.3027538347244265,
    5.213266102722713,
    5.137710780441761,
    5.072719841533237,
    5.015859608745575,
    4.964738434488123,
    4.918717239181201,
    4.877023439444028,
    4.838749779326575,
    4.802841375096639,
    4.769502454727888,
    4.738358989407034,
    4.708474078602261,
    4.680389839975457,
    4.653449834060669,
    4.627465615953718,
    4.602751479669051,
    4.578917258760203,
    4.556057608485222,
    4.533849958896637,
    4.512362881312003,
    4.491371017191145,
    4.471006071209907,
    4.451340950193076,
    4.432479891014099
  ],
  "validation_losses": [
    5.786306079864502,
    5.51355373096466,
    5.338623697280884,
    5.2138507647514345,
    5.118808794784546,
    5.041915040016175,
    4.978441927773612,
    4.924576955318451,
    4.877606962839763,
    4.836520284461975,
    4.8001261804754085,
    4.767362157185873,
    4.737970897821279,
    4.711182058061873,
    4.686619765090942,
    4.664223041653633,
    4.643067017723532,
    4.623739810943603,
    4.605568318015651,
    4.588478052043915,
    4.572583949406941,
    4.557971993272955,
    4.543909824039625,
    4.530531844933828,
    4.517991039733887,
    4.50602331000108,
    4.494683303762366,
    4.484222546509334,
    4.476302124483832,
    4.467002308591207
  ]
}