{
  "training_losses": [
    6.338205761909485,
    5.938160495519638,
    5.6033682441711425,
    5.370918425440788,
    5.197990019416809,
    5.064156095981598,
    4.9543561527388436,
    4.862585261464119,
    4.783566312525007,
    4.715241497707367,
    4.654017945939844,
    4.600230514446895,
    4.5509016013145445,
    4.506103208167213,
    4.4649973949432376,
    4.4269410379827026,
    4.391611041377573,
    4.358696502182219,
    4.327848724967555,
    4.298842406201363,
    4.271819522676013,
    4.245897116552699,
    4.221310961992844,
    4.198640492737293,
    4.176434139900207,
    4.155327854670011,
    4.135160089581101,
    4.11577947638716,
    4.096991690389041,
    4.079115770339966
  ],
  "validation_losses": [
    5.7953107528686525,
    5.4948765687942505,
    5.285502316792806,
    5.134227007865905,
    5.0255464260101315,
    4.9399095656077066,
    4.870869072505406,
    4.813837742805481,
    4.766725897894966,
    4.726963700485229,
    4.692787680539218,
    4.6641473255157475,
    4.639217687019935,
    4.616850557735988,
    4.597446788406372,
    4.580586524844169,
    4.5658715359182915,
    4.5531870308982,
    4.5419040303481255,
    4.531764158916474,
    4.523083247139341,
    4.5152235257408835,
    4.508393869317096,
    4.5024275644620255,
    4.497028197174072,
    4.492409805297852,
    4.488333778028135,
    4.484930546828679,
    4.481830581467727,
    4.479193771489461
  ]
}