{
  "training_losses": [
    6.390437691688538,
    5.988530068159103,
    5.72774376408259,
    5.5434123946428295,
    5.40296593208313,
    5.291686229864756,
    5.1994392234257285,
    5.121685968756676,
    5.054801687611474,
    4.995512526607514,
    4.943112793142145,
    4.895807756861051,
    4.852790939881252,
    4.813732857295445,
    4.77720728003184,
    4.742910482555628,
    4.7107374597717735,
    4.680501236438751,
    4.651619615730486,
    4.624132339262962,
    4.598077166352954,
    4.573102990757335,
    4.549167124375053,
    4.5260269598166145,
    4.503383818016053,
    4.481692257642746,
    4.46058508959523,
    4.440305065785136,
    4.420445472454203,
    4.401038492774964
  ],
  "validation_losses": [
    5.842649459838867,
    5.586552800178528,
    5.41147051302592,
    5.2831521735191345,
    5.185426817321777,
    5.105840213457744,
    5.039801739556449,
    4.98359847664833,
    4.936169392903646,
    4.8935536817550656,
    4.855941809047352,
    4.8224567392667135,
    4.791840065736037,
    4.764142836298261,
    4.739072321828206,
    4.715954312562943,
    4.694205825469073,
    4.674320559395684,
    4.655572636955663,
    4.638365331840515,
    4.622244751884824,
    4.607131259224632,
    4.592962213599163,
    4.57980002951622,
    4.567355202026367,
    4.555741456912114,
    4.54490161478961,
    4.534789827210562,
    4.525165270443621,
    4.516229863230388
  ]
}