{
  "training_losses": [
    6.469488893508911,
    6.067191059112549,
    5.7356776428222656,
    5.500527616500855,
    5.322683508777619,
    5.182555054744085,
    5.069399624960763,
    4.972855449199677,
    4.889609439320035,
    4.8164601686000825,
    4.751570799220692,
    4.693199028968811,
    4.640750198657696,
    4.592700784036092,
    4.548556594435374,
    4.508007744729519,
    4.47026253638548,
    4.4352781686253016,
    4.402255258961728,
    4.37141648337841,
    4.342347191787901,
    4.314784687280655,
    4.2886908021595165,
    4.263803349236647,
    4.240430982398987,
    4.218178389530915,
    4.196781173511788,
    4.176236858861787,
    4.156481870396384,
    4.137658237242698
  ],
  "validation_losses": [
    6.1541688385009765,
    5.688788269996643,
    5.417076140721639,
    5.22957616186142,
    5.0933925109863285,
    5.00054562886556,
    4.915746022360666,
    4.846965638875961,
    4.78882375992669,
    4.739495117759705,
    4.697751448717984,
    4.661774235566457,
    4.6304178365560675,
    4.603094268935068,
    4.5790615605672205,
    4.557911857247353,
    4.539391716900994,
    4.522789805094401,
    4.508112263930471,
    4.495116076469421,
    4.483817594619024,
    4.473835352724249,
    4.464778062074081,
    4.4567336085637415,
    4.450014743804932,
    4.443560404997606,
    4.4379595040921815,
    4.43315983063834,
    4.4290136031446785,
    4.424980590502421
  ]
}