{
  "training_losses": [
    6.397590083122253,
    6.110235405683517,
    5.760706647396088,
    5.503612544059753,
    5.314296512126923,
    5.166949693600337,
    5.047754830292293,
    4.947749396204949,
    4.862264584912194,
    4.788168519878387,
    4.722491196502339,
    4.663793582717577,
    4.612831316947937,
    4.565940934964589,
    4.522225511264801,
    4.483483721971512,
    4.447003973259645,
    4.412501479360793,
    4.380014762652547,
    4.349595795273781,
    4.3207926149368285,
    4.293444306286898,
    4.267691557739092,
    4.243684468905131,
    4.2203666961288455,
    4.198267095584136,
    4.177000579851645,
    4.156698467544147,
    4.1372514269598595,
    4.118448390420278
  ],
  "validation_losses": [
    5.957950168609619,
    5.6692678117752076,
    5.427312168121338,
    5.251613708019256,
    5.123300010681152,
    5.025884302775065,
    4.947751687731062,
    4.883468685388565,
    4.829643752204047,
    4.784993474960327,
    4.746549109719016,
    4.7134901742935185,
    4.687408537791326,
    4.662609696933202,
    4.64077656656901,
    4.6223584282398225,
    4.605511655807495,
    4.590471466382344,
    4.577214746274446,
    4.565348836517334,
    4.555147258849371,
    4.546400285374035,
    4.540488976437112,
    4.533198108434677,
    4.526446807632446,
    4.5205222306618325,
    4.515433617768465,
    4.510964652674539,
    4.506947271741669,
    4.503354509607951
  ]
}